{"cameraMode":{"drawMode":0,"name":"Shaded","section":"Shading Mode"},"sceneLighting":false,"audioPlay":false,"sceneViewState":{"showFog":true,"showMaterialUpdate":false,"showSkybox":false,"showFlares":true,"showImageEffects":true,"showParticleSystems":true},"in2DMode":false,"pivot":{"x":-14.5,"y":0.9000000953674316,"z":391.79998779296877},"rotation":{"x":0.1464707851409912,"y":-0.0029675785917788746,"z":0.0004395246796775609,"w":0.9892102479934692},"size":3.535534620285034,"orthographic":false}