{"cameraMode":{"drawMode":0,"name":"Shaded","section":"Shading Mode"},"sceneLighting":false,"audioPlay":false,"sceneViewState":{"showFog":true,"showMaterialUpdate":false,"showSkybox":false,"showFlares":true,"showImageEffects":true,"showParticleSystems":true},"in2DMode":false,"pivot":{"x":-3.05324125289917,"y":1.180689811706543,"z":-2.067474365234375},"rotation":{"x":0.11590872704982758,"y":-0.8453496694564819,"z":0.20418420433998109,"w":0.4798643887042999},"size":7.1429667472839359,"orthographic":false}