{"cameraMode":{"drawMode":0,"name":"Shaded","section":"Shading Mode"},"sceneLighting":false,"audioPlay":false,"sceneViewState":{"showFog":true,"showMaterialUpdate":false,"showSkybox":false,"showFlares":true,"showImageEffects":true,"showParticleSystems":true},"in2DMode":false,"pivot":{"x":1.700401782989502,"y":0.1723569631576538,"z":389.7410888671875},"rotation":{"x":0.20936621725559236,"y":-0.13503572344779969,"z":0.029206234961748124,"w":0.9680296182632446},"size":2.36602520942688,"orthographic":false}